epoch,time,train/box_loss,train/cls_loss,train/l1_loss,metrics/precision(B),metrics/recall(B),metrics/mAP50(B),metrics/mAP50-95(B),val/box_loss,val/cls_loss,val/l1_loss,lr/pg0,lr/pg1,lr/pg2
1,40.1273,0.707,5.3684,0.01432,0.00353,1,0.96957,0.68596,0.60432,10.4172,0.01879,0.000641026,0.000641026,0.000641026
2,80.2329,0.76483,4.04954,0.0151,1,0.80801,0.96032,0.79858,0.5221,9.4192,0.01513,0.00122138,0.00122138,0.00122138
3,120.078,0.78462,3.32527,0.01527,0.94105,0.88701,0.94421,0.80426,0.68558,7.69177,0.02133,0.00171374,0.00171374,0.00171374
4,159.17,0.77094,2.78933,0.01528,0.99557,1,0.995,0.7926,0.78099,5.5367,0.02694,0.001604,0.001604,0.001604
5,199.101,0.77766,2.35196,0.01563,0.89524,1,0.984,0.79376,0.64292,4.36925,0.02136,0.001472,0.001472,0.001472
6,239.093,0.84121,3.45232,0.02606,0.87824,0.88889,0.94597,0.67787,0.80218,3.89685,0.02719,0.00134,0.00134,0.00134
7,278.251,0.78492,2.73972,0.02115,0.98793,1,0.995,0.8188,0.70303,2.59537,0.02511,0.001208,0.001208,0.001208
8,317.365,0.71639,2.21769,0.02128,0.99566,1,0.995,0.89118,0.59194,1.9502,0.02154,0.001076,0.001076,0.001076
9,354.661,0.73711,1.81661,0.02305,0.9964,1,0.995,0.87362,0.71036,1.76914,0.02372,0.000944,0.000944,0.000944
10,392.964,0.64319,1.6976,0.01703,1,0.99189,0.995,0.87126,0.65266,1.5026,0.02345,0.000812,0.000812,0.000812
11,431.753,0.64086,1.40222,0.01935,0.99343,1,0.995,0.91122,0.59701,1.30691,0.02112,0.00068,0.00068,0.00068
12,470.805,0.61838,1.26525,0.01834,0.99671,1,0.995,0.93214,0.43689,1.17827,0.01347,0.000548,0.000548,0.000548
13,508.618,0.52644,1.13665,0.01478,0.99657,1,0.995,0.93927,0.47616,1.08837,0.01566,0.000416,0.000416,0.000416
14,546.597,0.53772,1.13257,0.01615,0.99619,1,0.995,0.92724,0.53139,1.03632,0.01712,0.000284,0.000284,0.000284
15,584.306,0.48473,1.03996,0.01381,0.99638,1,0.995,0.93119,0.33311,0.92919,0.01026,0.000152,0.000152,0.000152
